condition,mode,noise_type,rms_ratio,seed,success,episodes,success_rate,env_task
spotforming,0,white,0.0,0,71,100,0.71,soundDiff-m4-f10-s2-p0-no0-ni0.0
spotforming,0,white,0.0,1,65,100,0.65,soundDiff-m4-f10-s2-p0-no0-ni0.0
spotforming,0,white,0.0,2,77,100,0.77,soundDiff-m4-f10-s2-p0-no0-ni0.0
spotforming,0,opposite,0.0,0,71,100,0.71,soundDiff-m4-f10-s2-p0-no0-ni0.0
spotforming,0,opposite,0.0,1,65,100,0.65,soundDiff-m4-f10-s2-p0-no0-ni0.0
spotforming,0,opposite,0.0,2,77,100,0.77,soundDiff-m4-f10-s2-p0-no0-ni0.0
spotforming,0,white,0.25,0,59,100,0.59,soundDiff-m4-f10-s2-p0-no0-ni0.25
spotforming,0,white,0.25,1,61,100,0.61,soundDiff-m4-f10-s2-p0-no0-ni0.25
spotforming,0,white,0.25,2,49,100,0.49,soundDiff-m4-f10-s2-p0-no0-ni0.25
spotforming,0,opposite,0.25,0,59,100,0.59,soundDiff-m4-f10-s2-p0-no0-ni0.25-nopp
spotforming,0,opposite,0.25,1,65,100,0.65,soundDiff-m4-f10-s2-p0-no0-ni0.25-nopp
spotforming,0,opposite,0.25,2,56,100,0.56,soundDiff-m4-f10-s2-p0-no0-ni0.25-nopp
spotforming,0,white,0.5,0,49,100,0.49,soundDiff-m4-f10-s2-p0-no0-ni0.5
spotforming,0,white,0.5,1,68,100,0.68,soundDiff-m4-f10-s2-p0-no0-ni0.5
spotforming,0,white,0.5,2,38,100,0.38,soundDiff-m4-f10-s2-p0-no0-ni0.5
spotforming,0,opposite,0.5,0,65,100,0.65,soundDiff-m4-f10-s2-p0-no0-ni0.5-nopp
spotforming,0,opposite,0.5,1,67,100,0.67,soundDiff-m4-f10-s2-p0-no0-ni0.5-nopp
spotforming,0,opposite,0.5,2,41,100,0.41,soundDiff-m4-f10-s2-p0-no0-ni0.5-nopp
spotforming,0,white,0.75,0,55,100,0.55,soundDiff-m4-f10-s2-p0-no0-ni0.75
spotforming,0,white,0.75,1,51,100,0.51,soundDiff-m4-f10-s2-p0-no0-ni0.75
spotforming,0,white,0.75,2,38,100,0.38,soundDiff-m4-f10-s2-p0-no0-ni0.75
spotforming,0,opposite,0.75,0,57,100,0.57,soundDiff-m4-f10-s2-p0-no0-ni0.75-nopp
spotforming,0,opposite,0.75,1,64,100,0.64,soundDiff-m4-f10-s2-p0-no0-ni0.75-nopp
spotforming,0,opposite,0.75,2,49,100,0.49,soundDiff-m4-f10-s2-p0-no0-ni0.75-nopp
spotforming,0,white,1.0,0,59,100,0.59,soundDiff-m4-f10-s2-p0-no0-ni1.0
spotforming,0,white,1.0,1,40,100,0.4,soundDiff-m4-f10-s2-p0-no0-ni1.0
spotforming,0,white,1.0,2,28,100,0.28,soundDiff-m4-f10-s2-p0-no0-ni1.0
spotforming,0,opposite,1.0,0,54,100,0.54,soundDiff-m4-f10-s2-p0-no0-ni1.0-nopp
spotforming,0,opposite,1.0,1,55,100,0.55,soundDiff-m4-f10-s2-p0-no0-ni1.0-nopp
spotforming,0,opposite,1.0,2,42,100,0.42,soundDiff-m4-f10-s2-p0-no0-ni1.0-nopp
spotforming,0,white,1.25,0,52,100,0.52,soundDiff-m4-f10-s2-p0-no0-ni1.25
spotforming,0,white,1.25,1,40,100,0.4,soundDiff-m4-f10-s2-p0-no0-ni1.25
spotforming,0,white,1.25,2,18,100,0.18,soundDiff-m4-f10-s2-p0-no0-ni1.25
spotforming,0,opposite,1.25,0,56,100,0.56,soundDiff-m4-f10-s2-p0-no0-ni1.25-nopp
spotforming,0,opposite,1.25,1,36,100,0.36,soundDiff-m4-f10-s2-p0-no0-ni1.25-nopp
spotforming,0,opposite,1.25,2,41,100,0.41,soundDiff-m4-f10-s2-p0-no0-ni1.25-nopp
spotforming,0,white,1.5,0,52,100,0.52,soundDiff-m4-f10-s2-p0-no0-ni1.5
spotforming,0,white,1.5,1,23,100,0.23,soundDiff-m4-f10-s2-p0-no0-ni1.5
spotforming,0,white,1.5,2,16,100,0.16,soundDiff-m4-f10-s2-p0-no0-ni1.5
spotforming,0,opposite,1.5,0,59,100,0.59,soundDiff-m4-f10-s2-p0-no0-ni1.5-nopp
spotforming,0,opposite,1.5,1,42,100,0.42,soundDiff-m4-f10-s2-p0-no0-ni1.5-nopp
spotforming,0,opposite,1.5,2,30,100,0.3,soundDiff-m4-f10-s2-p0-no0-ni1.5-nopp
single_mic,1,white,0.0,0,65,100,0.65,soundDiff-m4-f10-s2-p0-no1-ni0.0
single_mic,1,white,0.0,1,75,100,0.75,soundDiff-m4-f10-s2-p0-no1-ni0.0
single_mic,1,white,0.0,2,73,100,0.73,soundDiff-m4-f10-s2-p0-no1-ni0.0
single_mic,1,opposite,0.0,0,65,100,0.65,soundDiff-m4-f10-s2-p0-no1-ni0.0
single_mic,1,opposite,0.0,1,75,100,0.75,soundDiff-m4-f10-s2-p0-no1-ni0.0
single_mic,1,opposite,0.0,2,73,100,0.73,soundDiff-m4-f10-s2-p0-no1-ni0.0
single_mic,1,white,0.25,0,58,100,0.58,soundDiff-m4-f10-s2-p0-no1-ni0.25
single_mic,1,white,0.25,1,37,100,0.37,soundDiff-m4-f10-s2-p0-no1-ni0.25
single_mic,1,white,0.25,2,36,100,0.36,soundDiff-m4-f10-s2-p0-no1-ni0.25
single_mic,1,opposite,0.25,0,61,100,0.61,soundDiff-m4-f10-s2-p0-no1-ni0.25-nopp
single_mic,1,opposite,0.25,1,48,100,0.48,soundDiff-m4-f10-s2-p0-no1-ni0.25-nopp
single_mic,1,opposite,0.25,2,50,100,0.5,soundDiff-m4-f10-s2-p0-no1-ni0.25-nopp
single_mic,1,white,0.5,0,58,100,0.58,soundDiff-m4-f10-s2-p0-no1-ni0.5
single_mic,1,white,0.5,1,34,100,0.34,soundDiff-m4-f10-s2-p0-no1-ni0.5
single_mic,1,white,0.5,2,39,100,0.39,soundDiff-m4-f10-s2-p0-no1-ni0.5
single_mic,1,opposite,0.5,0,53,100,0.53,soundDiff-m4-f10-s2-p0-no1-ni0.5-nopp
single_mic,1,opposite,0.5,1,39,100,0.39,soundDiff-m4-f10-s2-p0-no1-ni0.5-nopp
single_mic,1,opposite,0.5,2,42,100,0.42,soundDiff-m4-f10-s2-p0-no1-ni0.5-nopp
single_mic,1,white,0.75,0,53,100,0.53,soundDiff-m4-f10-s2-p0-no1-ni0.75
single_mic,1,white,0.75,1,29,100,0.29,soundDiff-m4-f10-s2-p0-no1-ni0.75
single_mic,1,white,0.75,2,32,100,0.32,soundDiff-m4-f10-s2-p0-no1-ni0.75
single_mic,1,opposite,0.75,0,30,100,0.3,soundDiff-m4-f10-s2-p0-no1-ni0.75-nopp
single_mic,1,opposite,0.75,1,34,100,0.34,soundDiff-m4-f10-s2-p0-no1-ni0.75-nopp
single_mic,1,opposite,0.75,2,38,100,0.38,soundDiff-m4-f10-s2-p0-no1-ni0.75-nopp
single_mic,1,white,1.0,0,37,100,0.37,soundDiff-m4-f10-s2-p0-no1-ni1.0
single_mic,1,white,1.0,1,33,100,0.33,soundDiff-m4-f10-s2-p0-no1-ni1.0
single_mic,1,white,1.0,2,14,100,0.14,soundDiff-m4-f10-s2-p0-no1-ni1.0
single_mic,1,opposite,1.0,0,31,100,0.31,soundDiff-m4-f10-s2-p0-no1-ni1.0-nopp
single_mic,1,opposite,1.0,1,35,100,0.35,soundDiff-m4-f10-s2-p0-no1-ni1.0-nopp
single_mic,1,opposite,1.0,2,34,100,0.34,soundDiff-m4-f10-s2-p0-no1-ni1.0-nopp
single_mic,1,white,1.25,0,37,100,0.37,soundDiff-m4-f10-s2-p0-no1-ni1.25
single_mic,1,white,1.25,1,24,100,0.24,soundDiff-m4-f10-s2-p0-no1-ni1.25
single_mic,1,white,1.25,2,28,100,0.28,soundDiff-m4-f10-s2-p0-no1-ni1.25
single_mic,1,opposite,1.25,0,28,100,0.28,soundDiff-m4-f10-s2-p0-no1-ni1.25-nopp
single_mic,1,opposite,1.25,1,30,100,0.3,soundDiff-m4-f10-s2-p0-no1-ni1.25-nopp
single_mic,1,opposite,1.25,2,29,100,0.29,soundDiff-m4-f10-s2-p0-no1-ni1.25-nopp
single_mic,1,white,1.5,0,31,100,0.31,soundDiff-m4-f10-s2-p0-no1-ni1.5
single_mic,1,white,1.5,1,33,100,0.33,soundDiff-m4-f10-s2-p0-no1-ni1.5
single_mic,1,white,1.5,2,21,100,0.21,soundDiff-m4-f10-s2-p0-no1-ni1.5
single_mic,1,opposite,1.5,0,34,100,0.34,soundDiff-m4-f10-s2-p0-no1-ni1.5-nopp
single_mic,1,opposite,1.5,1,37,100,0.37,soundDiff-m4-f10-s2-p0-no1-ni1.5-nopp
single_mic,1,opposite,1.5,2,41,100,0.41,soundDiff-m4-f10-s2-p0-no1-ni1.5-nopp
average,2,white,0.0,0,75,100,0.75,soundDiff-m4-f10-s2-p0-no2-ni0.0
average,2,white,0.0,1,85,100,0.85,soundDiff-m4-f10-s2-p0-no2-ni0.0
average,2,white,0.0,2,85,100,0.85,soundDiff-m4-f10-s2-p0-no2-ni0.0
average,2,opposite,0.0,0,75,100,0.75,soundDiff-m4-f10-s2-p0-no2-ni0.0
average,2,opposite,0.0,1,85,100,0.85,soundDiff-m4-f10-s2-p0-no2-ni0.0
average,2,opposite,0.0,2,85,100,0.85,soundDiff-m4-f10-s2-p0-no2-ni0.0
average,2,white,0.25,0,69,100,0.69,soundDiff-m4-f10-s2-p0-no2-ni0.25
average,2,white,0.25,1,41,100,0.41,soundDiff-m4-f10-s2-p0-no2-ni0.25
average,2,white,0.25,2,43,100,0.43,soundDiff-m4-f10-s2-p0-no2-ni0.25
average,2,opposite,0.25,0,65,100,0.65,soundDiff-m4-f10-s2-p0-no2-ni0.25-nopp
average,2,opposite,0.25,1,51,100,0.51,soundDiff-m4-f10-s2-p0-no2-ni0.25-nopp
average,2,opposite,0.25,2,59,100,0.59,soundDiff-m4-f10-s2-p0-no2-ni0.25-nopp
average,2,white,0.5,0,44,100,0.44,soundDiff-m4-f10-s2-p0-no2-ni0.5
average,2,white,0.5,1,46,100,0.46,soundDiff-m4-f10-s2-p0-no2-ni0.5
average,2,white,0.5,2,30,100,0.3,soundDiff-m4-f10-s2-p0-no2-ni0.5
average,2,opposite,0.5,0,47,100,0.47,soundDiff-m4-f10-s2-p0-no2-ni0.5-nopp
average,2,opposite,0.5,1,39,100,0.39,soundDiff-m4-f10-s2-p0-no2-ni0.5-nopp
average,2,opposite,0.5,2,46,100,0.46,soundDiff-m4-f10-s2-p0-no2-ni0.5-nopp
average,2,white,0.75,0,39,100,0.39,soundDiff-m4-f10-s2-p0-no2-ni0.75
average,2,white,0.75,1,34,100,0.34,soundDiff-m4-f10-s2-p0-no2-ni0.75
average,2,white,0.75,2,23,100,0.23,soundDiff-m4-f10-s2-p0-no2-ni0.75
average,2,opposite,0.75,0,39,100,0.39,soundDiff-m4-f10-s2-p0-no2-ni0.75-nopp
average,2,opposite,0.75,1,41,100,0.41,soundDiff-m4-f10-s2-p0-no2-ni0.75-nopp
average,2,opposite,0.75,2,36,100,0.36,soundDiff-m4-f10-s2-p0-no2-ni0.75-nopp
average,2,white,1.0,0,41,100,0.41,soundDiff-m4-f10-s2-p0-no2-ni1.0
average,2,white,1.0,1,31,100,0.31,soundDiff-m4-f10-s2-p0-no2-ni1.0
average,2,white,1.0,2,24,100,0.24,soundDiff-m4-f10-s2-p0-no2-ni1.0
average,2,opposite,1.0,0,34,100,0.34,soundDiff-m4-f10-s2-p0-no2-ni1.0-nopp
average,2,opposite,1.0,1,38,100,0.38,soundDiff-m4-f10-s2-p0-no2-ni1.0-nopp
average,2,opposite,1.0,2,34,100,0.34,soundDiff-m4-f10-s2-p0-no2-ni1.0-nopp
average,2,white,1.25,0,33,100,0.33,soundDiff-m4-f10-s2-p0-no2-ni1.25
average,2,white,1.25,1,35,100,0.35,soundDiff-m4-f10-s2-p0-no2-ni1.25
average,2,white,1.25,2,31,100,0.31,soundDiff-m4-f10-s2-p0-no2-ni1.25
average,2,opposite,1.25,0,37,100,0.37,soundDiff-m4-f10-s2-p0-no2-ni1.25-nopp
average,2,opposite,1.25,1,39,100,0.39,soundDiff-m4-f10-s2-p0-no2-ni1.25-nopp
average,2,opposite,1.25,2,44,100,0.44,soundDiff-m4-f10-s2-p0-no2-ni1.25-nopp
average,2,white,1.5,0,29,100,0.29,soundDiff-m4-f10-s2-p0-no2-ni1.5
average,2,white,1.5,1,43,100,0.43,soundDiff-m4-f10-s2-p0-no2-ni1.5
average,2,white,1.5,2,26,100,0.26,soundDiff-m4-f10-s2-p0-no2-ni1.5
average,2,opposite,1.5,0,34,100,0.34,soundDiff-m4-f10-s2-p0-no2-ni1.5-nopp
average,2,opposite,1.5,1,39,100,0.39,soundDiff-m4-f10-s2-p0-no2-ni1.5-nopp
average,2,opposite,1.5,2,34,100,0.34,soundDiff-m4-f10-s2-p0-no2-ni1.5-nopp
